{"total_trades":6,"total_profit_loss":606.5400000000001,"average_profit_loss":101.09000000000002,"win_rate":100,"count_won":6,"count_lost":0,"total_won":606.5400000000001,"total_lost":0,"average_won":101.09000000000002,"average_lost":0,"profit_factor":0}